date,core_weekly_return,opportunity_active,opportunity_asset,opportunity_weekly_return,shadow_weekly_return,core_nav,shadow_nav,shadow_peak,shadow_drawdown
2020-08-01,0.07817859268309757,Não,,,0.07817859268309757,1.0781785926830976,1.0781785926830976,1.0781785926830976,0.0
2020-08-08,0.011792010869798641,Não,,,0.011792010869798641,1.0908924863676008,1.0908924863676008,1.0908924863676008,0.0
2020-08-15,0.05033224405665582,Não,,,0.05033224405665582,1.145799553231027,1.145799553231027,1.145799553231027,0.0
2020-08-22,-0.05395965448612394,Não,,,-0.05395965448612394,1.0839726052283256,1.0839726052283256,1.145799553231027,-0.05395965448612394
2020-08-29,-0.0034761182619920117,Não,,,-0.0034761182619920117,1.0802045882597924,1.0802045882597924,1.145799553231027,-0.05724820260774599
2020-09-05,0.016165552933123495,Não,,,0.016165552933123495,1.097666692709909,1.097666692709909,1.145799553231027,-0.04200809852420406
2020-09-12,0.015053267868268216,Não,,,0.015053267868268216,1.1141901634653473,1.1141901634653473,1.145799553231027,-0.02758718981565733
2020-09-19,0.005013431467320695,Não,,,0.005013431467320695,1.1197760794914435,1.1197760794914435,1.145799553231027,-0.022712064833853463
2020-09-26,-0.010411750951511256,Não,,,-0.010411750951511256,1.108117249830319,1.108117249830319,1.145799553231027,-0.03288734342272015
2020-10-03,-0.00424238962429746,Não,,,-0.00424238962429746,1.1034161847071338,1.1034161847071338,1.145799553231027,-0.0369902121225103
2020-10-10,0.01388227945402054,Não,,,0.01388227945402054,1.1187341165373272,1.1187341165373272,1.145799553231027,-0.023621441130238008
2020-10-17,1.005451474833663e-05,Não,,,1.005451474833663e-05,1.1187453648660015,1.1187453648660015,1.145799553231027,-0.023611624117617858
2020-10-24,0.02821172771332936,Não,,,0.02821172771332936,1.1503071044801505,1.1503071044801505,1.1503071044801505,0.0
2020-10-31,-0.0008043802024789715,Não,,,-0.0008043802024789715,1.1493818202185357,1.1493818202185357,1.1503071044801505,-0.0008043802024789715
2020-11-07,0.09946762800902031,Não,,,0.09946762800902031,1.2637081035523636,1.2637081035523636,1.2637081035523636,0.0
2020-11-14,0.07145391494929543,Sim,COTI,0.049589639115250383,0.06926748736589092,1.3540049949043296,1.351241988649351,1.351241988649351,0.0
2020-11-21,0.1813527542118214,Sim,COTI,0.13601108033240994,0.17681858682388027,1.599557529946793,1.590166687539419,1.590166687539419,0.0
2020-11-28,-0.039390307564057814,Sim,COTI,0.13265057303096817,-0.022186219504555217,1.5365504668757841,1.5548869003608379,1.590166687539419,-0.022186219504555238
2020-12-05,0.0961254517739587,Sim,COTI,-0.02820236813778254,0.08369266978278458,1.684252074677706,1.685019536262315,1.685019536262315,0.0
2020-12-12,-0.03291229347079272,Sim,COTI,-0.04940186087727083,-0.03456125021144053,1.628819476117122,1.6267831544583877,1.685019536262315,-0.03456125021144052
2020-12-19,0.21344547745343667,Sim,COTI,0.4798415287811699,0.24008508258621,1.9764836268823978,2.017349522446385,2.017349522446385,0.0
2020-12-26,0.04491964141256455,Sim,COTI,-0.2643584251968504,0.013991834751623057,2.06526656265976,2.0455759436007206,2.0455759436007206,0.0
2021-01-02,0.21124607052728406,Não,,,0.21124607052728406,2.5015460086130252,2.477695823651514,2.477695823651514,0.0
2021-01-09,0.4409659697513584,Sim,SOL,0.741918462624179,0.47106121903864046,3.6046426701787078,3.6448422387477444,3.6448422387477444,0.0
2021-01-16,-0.06635114562651245,Sim,SOL,0.011176836861768402,-0.05859834737768437,3.3654704994381395,3.4312605071047475,3.6448422387477444,-0.05859834737768432
2021-01-23,-0.043818467444925235,Sim,SOL,0.025339450106222516,-0.03690267568981046,3.2180007399216533,3.3046378134038066,3.6448422387477444,-0.09333858725825717
2021-01-30,0.09758360928125853,Sim,SOL,0.15011110443817177,0.10283635879694986,3.532024866792969,3.6444747332769682,3.6448422387477444,-0.00010082891019791429
2021-02-06,0.17842161541496693,Sim,SOL,0.7493276937938957,0.2355122232528598,4.162214449212003,4.5027930802999,4.5027930802999,0.0
2021-02-13,0.1407140827387976,Sim,SOL,0.37321831017447504,0.16396450548236535,4.74789663759504,5.241091321000689,5.241091321000689,0.0
2021-02-20,0.12010440484311635,Sim,SOL,0.24822024411186128,0.13291598876999086,5.318139937510026,5.937716156165314,5.937716156165314,0.0
2021-02-27,-0.2037343597534762,Sim,SOL,0.18302059297313766,-0.16505886448081483,4.234652102262029,4.957643469819278,5.937716156165314,-0.16505886448081497
2021-03-06,0.09642268025747103,Sim,SOL,-0.07623064240711286,0.07915734799101265,4.642968607920068,5.350077379175134,5.937716156165314,-0.09896713846451155
2021-03-13,0.20673660148088202,Sim,SOL,0.15955285362569405,0.20201822669536323,5.602840158703884,6.430890523999071,6.430890523999071,0.0
2021-03-20,-0.05545248369017508,Sim,SOL,-0.02710056894703572,-0.052617292215861144,5.292148756184699,6.092514478089599,6.430890523999071,-0.0526172922158612
2021-03-27,-0.04550546816709922,Sim,SOL,0.043527700087578,-0.0366021513416315,5.051327049424582,5.869515341111482,6.430890523999071,-0.08729353746462087
2021-04-03,0.09572903445686087,Sim,SOL,0.3367963668604612,0.11983576769722092,5.534885710591822,6.572893218024191,6.572893218024191,0.0
2021-04-10,0.055195200119417365,Sim,SOL,0.3983585890548975,0.08951153901296538,5.840384835026041,7.161243005737418,7.161243005737418,0.0
2021-04-17,0.046952851544902696,Sim,SOL,-0.08424513204486694,0.033833053185925735,6.11460755715012,7.403529721227871,7.403529721227871,0.0
2021-04-24,-0.10042638026696449,Sim,SOL,0.4748108142302492,-0.04290266081724312,5.500539653432507,7.085898596747653,7.403529721227871,-0.04290266081724314
2021-05-01,0.2169524436500827,Sim,SOL,0.145875373306382,0.20984473661571262,6.693895172638869,8.572837121467812,8.572837121467812,0.0
2021-05-08,0.03643181135663065,Não,,,0.03643181135663065,6.937765898809508,8.885161106268248,8.885161106268248,0.0
2021-05-15,-0.02921984161204838,Não,,,-0.02921984161204838,6.735045478104824,8.625538106045557,8.885161106268248,-0.02921984161204838
2021-05-22,-0.0640948620086158,Não,,,-0.0640948620086158,6.303363667563943,8.072685431388509,8.885161106268248,-0.09144186190462644
2021-05-29,-0.0058165277764018475,Não,,,-0.0058165277764018475,6.266699977706795,8.025730432346682,8.885161106268248,-0.09672651555133416
2021-06-05,0.021063181399146647,Não,,,0.021063181399146647,6.398696616111261,8.194777848303852,8.885161106268248,-0.07770070229535264
2021-06-12,0.0,Não,,,0.0,6.398696616111261,8.194777848303852,8.885161106268248,-0.07770070229535264
2021-06-19,0.0,Não,,,0.0,6.398696616111261,8.194777848303852,8.885161106268248,-0.07770070229535264
2021-06-26,0.0,Não,,,0.0,6.398696616111261,8.194777848303852,8.885161106268248,-0.07770070229535264
2021-07-03,0.0,Não,,,0.0,6.398696616111261,8.194777848303852,8.885161106268248,-0.07770070229535264
2021-07-10,0.0,Não,,,0.0,6.398696616111261,8.194777848303852,8.885161106268248,-0.07770070229535264
2021-07-17,0.0,Não,,,0.0,6.398696616111261,8.194777848303852,8.885161106268248,-0.07770070229535264
2021-07-24,0.0,Não,,,0.0,6.398696616111261,8.194777848303852,8.885161106268248,-0.07770070229535264
2021-07-31,0.0,Não,,,0.0,6.398696616111261,8.194777848303852,8.885161106268248,-0.07770070229535264
2021-08-07,0.16065920904626196,Não,,,0.16065920904626196,7.426706153382689,9.511344375722178,9.511344375722178,0.0
2021-08-14,0.04339503720811466,Sim,SNX,0.18655773762765127,0.05771130725006832,7.748988343242465,10.06025649335069,10.06025649335069,0.0
2021-08-21,0.010967930626302191,Sim,SNX,0.041005291005290934,0.013971666664201066,7.833978709815173,10.200815043632153,10.200815043632153,0.0
2021-08-28,0.004116139818312936,Sim,SNX,-0.02835133418043212,0.0008693924184384303,7.866224461518459,10.20968355489298,10.20968355489298,0.0
2021-09-04,0.10959749169947064,Sim,SNX,0.017817736003269413,0.10041951612985052,8.728342931645901,11.234935037314225,11.234935037314225,0.0
2021-09-11,-0.1281375828669976,Sim,SNX,-0.15285955191520106,-0.13060977977181795,7.609914165950552,9.767542646339932,11.234935037314225,-0.1306097797718181
2021-09-18,0.060327599695009004,Não,,,0.060327599695009004,8.069002021467394,10.356795049112256,11.234935037314225,-0.07816155458713658
2021-09-25,-0.13280792875957315,Sim,SHIB,-0.12646682464454995,-0.13217381834807085,6.997374575839501,8.987897901622693,11.234935037314225,-0.2000044618174044
2021-10-02,0.04835739112272819,Sim,SHIB,0.042317073170731856,0.04775335932752856,7.335749355035606,9.417100219718021,11.234935037314225,-0.16180198742215135
2021-10-09,0.02244070847644597,Não,,,0.02244070847644597,7.5003687677682365,9.62842662044219,11.234935037314225,-0.14299223017635543
2021-10-16,0.02108601379237074,Não,,,0.02108601379237074,7.658521647053265,9.831451756959662,11.234935037314225,-0.12492135252168513
2021-10-23,0.011414985305182368,Não,,,0.011414985305182368,7.745943559113798,9.943677634293966,11.234935037314225,-0.11493234261984142
2021-10-30,0.006016838161635896,Não,,,0.006016838161635896,7.792549647918152,10.003507133350992,11.234935037314225,-0.10960703376328673
2021-11-06,0.025221668149609577,Não,,,0.025221668149609577,7.989090749177301,10.255812270600622,11.234935037314225,-0.08714983784611785
2021-11-13,0.03739959666361048,Sim,COS,0.10010027726432535,0.04366966472368197,8.287879520905513,10.703680153926776,11.234935037314225,-0.047285977321898987
2021-11-20,-0.06110218853047056,Sim,COS,-0.1535958875367185,-0.07035155843109535,7.781471943901318,9.950659574150041,11.234935037314225,-0.11431089355646129
2021-11-27,-0.07750641127355073,Não,,,-0.07750641127355073,7.178357979103706,9.179419660752872,11.234935037314225,-0.18295747770097792
2021-12-04,0.05942767277927352,Sim,KMD,0.10140391821333883,0.06362529732268006,7.6049510881783675,9.76346296591793,11.234935037314225,-0.1309729042944301
2021-12-11,-0.0001897633770481244,Não,,,-0.0001897633770481244,7.603507946977589,9.761610218213832,11.234935037314225,-0.13113781381085754
2021-12-18,-0.00746917686585602,Não,,,-0.00746917686585602,7.5467160013206716,9.688699024998446,11.234935037314225,-0.13762749915155859
2021-12-25,0.009479184496321347,Não,,,0.009479184496321347,7.618252714638531,9.780539990585735,11.234935037314225,-0.12945291111146207
2022-01-01,-0.011212437159012545,Não,,,-0.011212437159012545,7.532833534814169,9.670876300560083,11.234935037314225,-0.13921386563958615
2022-01-08,-0.03151791420939121,Não,,,-0.03151791420939121,7.295414333710271,9.366070450989396,11.234935037314225,-0.16634404917499124
2022-01-15,0.009965113094537958,Não,,,0.009965113094537958,7.368113962617207,9.459404402284916,11.234935037314225,-0.1580365733430854
2022-01-22,-0.04289550446648327,Não,,,-0.04289550446648327,7.052054997224203,9.053638478496431,11.234935037314225,-0.19415301927186268
2022-01-29,0.01258154701075509,Não,,,0.01258154701075509,7.140780758694209,9.167547256632016,11.234935037314225,-0.1840142176003564
2022-02-05,0.002956898796774743,Não,,,0.002956898796774743,7.161895324727625,9.194654766084527,11.234935037314225,-0.18160143022219366
2022-02-12,0.0,Não,,,0.0,7.161895324727625,9.194654766084527,11.234935037314225,-0.18160143022219366
2022-02-19,0.0,Não,,,0.0,7.161895324727625,9.194654766084527,11.234935037314225,-0.18160143022219366
2022-02-26,0.0,Não,,,0.0,7.161895324727625,9.194654766084527,11.234935037314225,-0.18160143022219366
2022-03-05,-0.06836333576344522,Não,,,-0.06836333576344522,6.672284269940621,8.566077495081728,11.234935037314225,-0.2375498864362372
2022-03-12,-0.027794834465588725,Sim,WIN,-0.1478480788177341,-0.03980015890080326,6.48682923315027,8.225146249620881,11.234935037314225,-0.26789552211001044
2022-03-19,0.10255351985335803,Sim,JUV,0.009089899999999984,0.09320715786802224,7.15207640369749,8.991788754596865,11.234935037314225,-0.19965814446343222
2022-03-26,0.05341605727827292,Sim,1INCH,-0.010436397984886825,0.04703081175195695,7.534112126535979,9.414679878827673,11.234935037314225,-0.16201741731847996
2022-04-02,0.05854634742246145,Sim,1INCH,0.19834710743801653,0.07252642342401697,7.975206872615935,10.097492938121103,11.234935037314225,-0.10124153770496869
2022-04-09,-0.04822910360228516,Sim,1INCH,-0.1642318302387269,-0.05982937626592934,7.590569794106885,9.493366233783691,11.234935037314225,-0.15501369591780623
2022-04-16,-0.045984421528555086,Não,,,-0.045984421528555086,7.241521833052756,9.056819279164431,11.234935037314225,-0.19386990231057755
2022-04-23,-0.03323280575449794,Não,,,-0.03323280575449794,7.0008657446079585,8.755835763306367,11.234935037314225,-0.22065986725994458
2022-04-30,-0.05811624666736526,Sim,TRX,-0.04575520000000011,-0.05688014200062875,6.594001704109215,8.257802581755318,11.234935037314225,-0.2649888446769878
2022-05-07,-0.0010000000000000009,Não,,,-0.0010000000000000009,6.587407702405105,8.249544779173561,11.234935037314225,-0.26572385583231084
2022-05-14,0.0,Não,,,0.0,6.587407702405105,8.249544779173561,11.234935037314225,-0.26572385583231084
2022-05-21,0.0,Não,,,0.0,6.587407702405105,8.249544779173561,11.234935037314225,-0.26572385583231084
2022-05-28,0.0,Não,,,0.0,6.587407702405105,8.249544779173561,11.234935037314225,-0.26572385583231084
2022-06-04,0.0,Não,,,0.0,6.587407702405105,8.249544779173561,11.234935037314225,-0.26572385583231084
2022-06-11,0.0,Não,,,0.0,6.587407702405105,8.249544779173561,11.234935037314225,-0.26572385583231084
2022-06-18,0.0,Não,,,0.0,6.587407702405105,8.249544779173561,11.234935037314225,-0.26572385583231084
2022-06-25,0.0,Não,,,0.0,6.587407702405105,8.249544779173561,11.234935037314225,-0.26572385583231084
2022-07-02,0.0,Não,,,0.0,6.587407702405105,8.249544779173561,11.234935037314225,-0.26572385583231084
2022-07-09,0.0,Não,,,0.0,6.587407702405105,8.249544779173561,11.234935037314225,-0.26572385583231084
2022-07-16,0.0,Não,,,0.0,6.587407702405105,8.249544779173561,11.234935037314225,-0.26572385583231084
2022-07-23,0.0,Não,,,0.0,6.587407702405105,8.249544779173561,11.234935037314225,-0.26572385583231084
2022-07-30,0.0,Não,,,0.0,6.587407702405105,8.249544779173561,11.234935037314225,-0.26572385583231084
2022-08-06,0.017709308177997762,Não,,,0.017709308177997762,6.7040661355011135,8.395638509996138,11.234935037314225,-0.25272033330749344
2022-08-13,0.05790127223158881,Sim,OGN,0.029166739606126812,0.05502781896904261,7.0922400938713395,8.857632186053728,11.234935037314225,-0.21159916308949167
2022-08-20,-0.12938094093607133,Sim,OGN,-0.21107009345794392,-0.1375498561882586,6.174639397181735,7.639266152693546,11.234935037314225,-0.3200435848252349
2022-08-27,-0.03542799475820113,Não,,,-0.03542799475820113,5.955884304984598,7.368622271479416,11.234935037314225,-0.3441330771378517
2022-09-03,0.00597745852407594,Não,,,0.00597745852407594,5.991485356391838,7.412667905486766,11.234935037314225,-0.34021265980912985
2022-09-10,0.0,Não,,,0.0,5.991485356391838,7.412667905486766,11.234935037314225,-0.34021265980912985
2022-09-17,0.0,Não,,,0.0,5.991485356391838,7.412667905486766,11.234935037314225,-0.34021265980912985
2022-09-24,0.0,Não,,,0.0,5.991485356391838,7.412667905486766,11.234935037314225,-0.34021265980912985
2022-10-01,-0.009603797697708805,Não,,,-0.009603797697708805,5.933944343120266,7.341478142522172,11.234935037314225,-0.34654912394783244
2022-10-08,0.019713367207174315,Sim,API3,0.05141854789505795,0.02288388527596268,6.05092236694313,7.5094796860916375,11.234935037314225,-0.3315956290667773
2022-10-15,-0.030802118901839926,Sim,API3,-0.11161391304347834,-0.03888329831600377,5.864541136730745,7.217486347259366,11.234935037314225,-0.3575853956174946
2022-10-22,0.0013853725319994403,Não,,,0.0013853725319994403,5.872665710934353,7.22748525459494,11.234935037314225,-0.35669541207042776
2022-10-29,0.09917812267771264,Sim,NEXO,0.1223470522803114,0.10149501563797253,6.455105671258597,7.96103898353327,11.234935037314225,-0.2914032028585364
2022-11-05,-0.002164078528366087,Sim,NEXO,0.018782178217821688,-6.945285374730919e-05,6.441136315677092,7.9604860666570705,11.234935037314225,-0.29145241692825397
2022-11-12,0.0,Não,,,0.0,6.441136315677092,7.9604860666570705,11.234935037314225,-0.29145241692825397
2022-11-19,0.0,Não,,,0.0,6.441136315677092,7.9604860666570705,11.234935037314225,-0.29145241692825397
2022-11-26,0.0,Não,,,0.0,6.441136315677092,7.9604860666570705,11.234935037314225,-0.29145241692825397
2022-12-03,0.0,Não,,,0.0,6.441136315677092,7.9604860666570705,11.234935037314225,-0.29145241692825397
2022-12-10,0.0,Não,,,0.0,6.441136315677092,7.9604860666570705,11.234935037314225,-0.29145241692825397
2022-12-17,0.0,Não,,,0.0,6.441136315677092,7.9604860666570705,11.234935037314225,-0.29145241692825397
2022-12-24,0.0,Não,,,0.0,6.441136315677092,7.9604860666570705,11.234935037314225,-0.29145241692825397
2022-12-31,0.0,Não,,,0.0,6.441136315677092,7.9604860666570705,11.234935037314225,-0.29145241692825397
2023-01-07,0.05571021069854787,Não,,,0.05571021069854787,6.799973376961531,8.40396642269339,11.234935037314225,-0.2519790817853802
2023-01-14,0.20330993758293614,Sim,SFP,0.11494432071269478,0.19447337589591202,8.182475539797208,10.038314143830465,11.234935037314225,-0.10650892857942307
2023-01-21,0.04606037434385013,Sim,SFP,-0.011529933481153054,0.04030134356134981,8.559363426219665,10.442871690917734,11.234935037314225,-0.07050003794110393
2023-01-28,-0.0015211754683951417,Sim,SFP,0.12471960520412728,0.011102902598857102,8.546343132550621,10.558817878154356,11.234935037314225,-0.06017989039672267
2023-02-04,0.05469491442189711,Sim,SFP,0.17491025129637028,0.06671644810934443,9.013784638805646,11.26326470321826,11.26326470321826,0.0
2023-02-11,-0.058406143794735854,Sim,SFP,-0.2014444067221185,-0.07270997008747412,8.487324237056782,10.444313063559957,11.26326470321826,-0.07270997008747415
2023-02-18,0.10519619142359238,Não,,,0.10519619142359238,9.380158422172302,11.543015019882136,11.543015019882136,0.0
2023-02-25,-0.07359906493083346,Não,,,-0.07359906493083346,8.689787533397338,10.693459907936244,11.543015019882136,-0.07359906493083346
2023-03-04,-0.03734336692508777,Não,,,-0.03734336692508777,8.365281609036627,10.294130110895466,11.543015019882136,-0.10819399496886573
2023-03-11,-0.0724840556760723,Não,,,-0.0724840556760723,7.758932071141192,9.547969810800588,11.543015019882136,-0.172835711089798
2023-03-18,0.2540391545350984,Não,,,0.2540391545350984,9.730004614589161,11.973527989063012,11.973527989063012,0.0
2023-03-25,0.005949816498646454,Sim,OCEAN,-0.17188146799531068,-0.01183331195074926,9.78789635657695,11.831841497217402,11.973527989063012,-0.011833311950749215
2023-04-01,0.02455480804810728,Sim,DASH,-0.050317310815199745,0.017067596161776576,10.028236272807465,12.033782589742058,12.033782589742058,0.0
2023-04-08,-0.01686683715989068,Sim,DASH,-0.04400444140758453,-0.019580597584660065,9.859091644593112,11.798153935431031,12.033782589742058,-0.01958059758466002
2023-04-15,0.1085124986943149,Sim,OCEAN,0.18068687430478314,0.11572993625536172,10.928926313804153,13.16355353830941,13.16355353830941,0.0
2023-04-22,-0.1015846723035082,Sim,OCEAN,-0.13451341176470577,-0.10487754624962797,9.81871491558717,11.78299234328591,13.16355353830941,-0.10487754624962797
2023-04-29,0.015934517164894135,Não,,,0.015934517164894135,9.975171396946797,11.970748637033816,13.16355353830941,-0.09061420214566052
2023-05-06,-0.02848782137241168,Não,,,-0.02848782137241168,9.691000496031386,11.629728088167957,13.16355353830941,-0.11652062231354299
2023-05-13,-0.053549923162721,Sim,STG,-0.213092493666027,-0.0695041802130516,9.172048164099014,10.821413371299142,13.16355353830941,-0.17792613219477726
2023-05-20,0.00854454360054624,Não,,,0.00854454360054624,9.250419129543468,10.913877409669741,13.16355353830941,-0.17090188618844582
2023-05-27,-0.004386675804508577,Sim,CELR,-0.08673493396226417,-0.012621501620284137,9.209840539766336,10.776127888260012,13.16355353830941,-0.18136634937529295
2023-06-03,0.011695073024015734,Sim,AGLD,0.07332183018867933,0.017857748740482095,9.317550297418444,10.968565272483861,13.16355353830941,-0.16674739533193328
2023-06-10,-0.012007855487944363,Não,,,-0.012007855487944363,9.20566649994539,10.83685632578179,13.16355353830941,-0.17675297219374064
2023-06-17,0.001229073867364372,Não,,,0.001229073867364372,9.216980944072144,10.85017562269619,13.16355353830941,-0.17574114078547864
2023-06-24,0.022830989134388302,Não,,,0.022830989134388302,9.427413735858119,11.09789586444417,13.16355353830941,-0.1569224957268287
2023-07-01,0.009951919739370485,Não,,,0.009951919739370485,9.521234600707217,11.208341233363011,13.16355353830941,-0.14853225607023324
2023-07-08,-0.033749545437450124,Sim,TRX,0.03321771653543304,-0.02705281924016181,9.199897260930026,10.90512400399479,13.16355353830941,-0.17156685903559366
2023-07-15,0.051285156521513775,Sim,TRX,0.013576957238929044,0.0475143365932553,9.671715431938669,11.423273736511787,13.16355353830941,-0.13220440793080301
2023-07-22,-0.03852865423898766,Sim,TRX,0.006885327991987822,-0.03398725601589011,9.299077252163622,11.035028007489366,13.16355353830941,-0.16169839888791981
2023-07-29,-0.004687858518682919,Sim,TRX,0.05768991669774959,0.001549919002960331,9.255484493651176,11.052131407096374,13.16355353830941,-0.16039909930614416
2023-08-05,-0.01888498822643425,Sim,TRX,-0.09835171035617729,-0.02683166043940856,9.080694777958628,10.75558437004944,13.16355353830941,-0.18292698557818332
2023-08-12,0.0,Não,,,0.0,9.080694777958628,10.75558437004944,13.16355353830941,-0.18292698557818332
2023-08-19,0.0,Não,,,0.0,9.080694777958628,10.75558437004944,13.16355353830941,-0.18292698557818332
2023-08-26,0.0,Não,,,0.0,9.080694777958628,10.75558437004944,13.16355353830941,-0.18292698557818332
2023-09-02,0.0,Não,,,0.0,9.080694777958628,10.75558437004944,13.16355353830941,-0.18292698557818332
2023-09-09,0.0,Não,,,0.0,9.080694777958628,10.75558437004944,13.16355353830941,-0.18292698557818332
2023-09-16,0.0,Não,,,0.0,9.080694777958628,10.75558437004944,13.16355353830941,-0.18292698557818332
2023-09-23,0.0,Não,,,0.0,9.080694777958628,10.75558437004944,13.16355353830941,-0.18292698557818332
2023-09-30,0.0,Não,,,0.0,9.080694777958628,10.75558437004944,13.16355353830941,-0.18292698557818332
2023-10-07,-0.0038738176211366993,Não,,,-0.0038738176211366993,9.045517822515608,10.713919197791121,13.16355353830941,-0.1860921774192058
2023-10-14,-0.04680012196331251,Sim,SFP,-0.020840143252482513,-0.04420412409222952,8.62218648520056,10.240319784057842,13.16355353830941,-0.2220702598082035
2023-10-21,0.11130262876481667,Sim,SFP,0.04816475668493614,0.10498884155682861,9.581858506703858,11.315439095357547,13.16355353830941,-0.1403963175728623
2023-10-28,0.11514100990988974,Sim,SFP,0.10822373633338622,0.11444928255223939,10.685123371979408,12.610482981584779,13.16355353830941,-0.04201529283981331
2023-11-04,0.054770899811629414,Sim,SFP,0.029424220760652098,0.052236231906531684,11.270357193660992,13.269207095064212,13.269207095064212,0.0
2023-11-11,0.17236258939584603,Não,,,0.17236258939584603,13.212945142976501,15.556321989199212,15.556321989199212,0.0
2023-11-18,-0.05780144547463295,Não,,,-0.05780144547463295,12.449217814735428,14.657144091954681,15.556321989199212,-0.05780144547463295
2023-11-25,0.022595105363066414,Não,,,0.022595105363066414,12.73050920294714,14.988323807034043,15.556321989199212,-0.03651236986220341
2023-12-02,0.02899133498177675,Não,,,0.02899133498177675,13.099583659738371,15.422855323339105,15.556321989199212,-0.008579577226080382
2023-12-09,0.09295137051617197,Sim,FLM,0.11562853773584902,0.09521908723813968,14.317207914102305,16.89140552983334,16.89140552983334,0.0
2023-12-16,-0.015218190560857714,Sim,FLM,0.008447729672650395,-0.012851598537506904,14.099325915766075,16.674323967229697,16.89140552983334,-0.012851598537506947
2023-12-23,0.009431553626373157,Sim,FLM,0.013612565445026092,0.009849654808238451,14.232304464236336,16.83856030246765,16.89140552983334,-0.003128527538596826
2023-12-30,0.002784631612927413,Sim,FLM,0.01757644628099153,0.0042638130797338246,14.271936189172257,16.9103567761292,16.9103567761292,0.0
2024-01-06,-0.05425210679796544,Sim,GMX,0.039125823563551876,-0.04491431376181371,13.497653582823535,16.15083970606192,16.9103567761292,-0.04491431376181365
2024-01-13,0.04305685878042875,Não,,,0.04305685878042875,14.078820147006317,16.84624413047117,16.9103567761292,-0.003791324246247174
2024-01-20,-0.03618628667076618,Não,,,-0.03618628667076618,13.569359925180589,16.23664111104023,16.9103567761292,-0.039840416970976844
2024-01-27,-0.03477146346601401,Sim,RNDR,-0.050150993698497404,-0.03630941648926235,13.097533422284977,15.64709814655279,16.9103567761292,-0.07470325116733412
2024-02-03,0.005023351375450069,Sim,RNDR,0.1688529186846801,0.021406308106373076,13.163326934816816,15.982044750448559,16.9103567761292,-0.054896063871996637
2024-02-10,0.020024118715487926,Não,,,0.020024118715487926,13.426910956050367,16.30207111184778,16.9103567761292,-0.03597119045649466
2024-02-17,0.021193506796217898,Não,,,0.021193506796217898,13.711474284649633,16.647569166749154,16.9103567761292,-0.015540039329684507
2024-02-24,0.008509592884486938,Não,,,0.008509592884486938,13.828153348658113,16.789233202874527,16.9103567761292,-0.007162685853302042
2024-03-02,0.11523738272863793,Não,,,0.11523738272863793,15.421673548527723,18.723980495194535,18.723980495194535,0.0
2024-03-09,0.12654113201419404,Sim,RAY,0.17581122364270296,0.13146814117704492,17.373149576911775,21.185587406333006,21.185587406333006,0.0
2024-03-16,-0.057369473191609344,Sim,RAY,0.22979263647905213,-0.028653262224543195,16.376461138005315,20.578551214998367,21.185587406333006,-0.02865326222454323
2024-03-23,0.0037885514372422158,Sim,RAY,0.1747533838036246,0.020885034673880455,16.438504203386646,21.00833497066183,21.185587406333006,-0.008366651925742152
2024-03-30,0.109493948975812,Sim,RAY,0.0386662110042475,0.10241117517865556,18.238420943870935,23.159823243554158,23.159823243554158,0.0
2024-04-06,-0.027449934053450087,Sim,RAY,-0.05950646298472373,-0.03065558694657745,17.737777491722614,22.44984526844402,23.159823243554158,-0.03065558694657744
2024-04-13,-0.12860875271618655,Sim,RAY,-0.1937702034084663,-0.13512489778541453,15.456544052554921,19.41631222124715,23.159823243554158,-0.16163815167928375
2024-04-20,0.050098513410672396,Não,,,0.050098513410672396,16.230893932054492,20.389040599449103,23.159823243554158,-0.1196374693781922
2024-04-27,-0.007072043861175326,Não,,,-0.007072043861175326,16.11610833826092,20.244848410042515,23.159823243554158,-0.12586343180848492
2024-05-04,-0.0496172683209225,Sim,SSV,-0.0022206302465022087,-0.044877604513480475,15.31647106655237,19.336308109661264,23.159823243554158,-0.16509258700655471
2024-05-11,-0.011745123013281455,Não,,,-0.011745123013281455,15.136577229746347,19.10920079229058,23.159823243554158,-0.17489867727686337
2024-05-18,0.017073121868500518,Não,,,0.017073121868500518,15.395005857461777,19.435454506227003,23.159823243554158,-0.1608116218401503
2024-05-25,0.02435649029618725,Não,,,0.02435649029618725,15.769974168238791,19.90883396530991,23.159823243554158,-0.14037193825082683
2024-06-01,0.003235086429443923,Não,,,0.003235086429443923,15.820991397663143,19.973240763897135,23.159823243554158,-0.13759096717389296
2024-06-08,-0.04948697392460766,Sim,IDEX,-0.06746920857863759,-0.05128519739001065,15.038058408905545,18.948909168802462,23.159823243554158,-0.18181978465330806
2024-06-15,-0.04661980730547155,Não,,,-0.04661980730547155,14.336987023633943,18.06551467470401,23.159823243554158,-0.21996318863392006
2024-06-22,-0.04502399953887137,Não,,,-0.04502399953887137,13.691478526493045,17.25213295032066,23.159823243554158,-0.2550835656691691
2024-06-29,-0.02918987782185889,Sim,UNFI,0.024674639411098598,-0.023803426098563143,13.291825941104108,16.84147307859512,23.159823243554158,-0.2728151289633681
2024-07-06,0.031409517499661366,Sim,VGX,-0.2169011319052988,0.006578452559165348,13.70931578060367,16.952263910269117,23.159823243554158,-0.26803137778751085
2024-07-13,0.0,Não,,,0.0,13.70931578060367,16.952263910269117,23.159823243554158,-0.26803137778751085
2024-07-20,0.0,Não,,,0.0,13.70931578060367,16.952263910269117,23.159823243554158,-0.26803137778751085
2024-07-27,0.0,Não,,,0.0,13.70931578060367,16.952263910269117,23.159823243554158,-0.26803137778751085
2024-08-03,-0.09106886293841066,Não,,,-0.09106886293841066,12.460823980800484,15.408440511729054,23.159823243554158,-0.33469092791899735
2024-08-10,-0.015366436067336675,Não,,,-0.015366436067336675,12.269345525753177,15.171667695708209,23.159823243554158,-0.3449143572401492
2024-08-17,-0.01822483671791708,Não,,,-0.01822483671791708,12.045738706910619,14.895166529215428,23.159823243554158,-0.3568531861156993
2024-08-24,0.07345556545178233,Sim,AMP,0.04263806552262106,0.07037381545886622,12.93056525491116,15.943396229771515,23.159823243554158,-0.3115924909224477
2024-08-31,-0.08251390547447646,Sim,AMP,-0.02713228699551573,-0.07697574362658038,11.86361381573587,14.716141449051635,23.159823243554158,-0.36458317085181413
2024-09-07,-0.0010000000000000009,Não,,,-0.0010000000000000009,11.851750201920135,14.701425307602584,23.159823243554158,-0.3652185876809624
2024-09-14,0.0,Não,,,0.0,11.851750201920135,14.701425307602584,23.159823243554158,-0.3652185876809624
2024-09-21,0.0,Não,,,0.0,11.851750201920135,14.701425307602584,23.159823243554158,-0.3652185876809624
2024-09-28,0.0,Não,,,0.0,11.851750201920135,14.701425307602584,23.159823243554158,-0.3652185876809624
2024-10-05,-0.06599135523950206,Não,,,-0.06599135523950206,11.069637144135383,13.731258327601576,23.159823243554158,-0.40710867336074075
2024-10-12,0.050586747082621786,Não,,,0.050586747082621786,11.629614078642156,14.425878019746103,23.159823243554158,-0.37711622977256043
2024-10-19,0.04990086325221821,Sim,NEXO,0.010011022044088103,0.0459118791314052,12.20994186045655,15.088197187753082,23.159823243554158,-0.3485184654009642
2024-10-26,-0.019840702691972578,Sim,NEXO,-0.0534747274529237,-0.023204105168067694,11.96768803411696,14.738089073411915,23.159823243554158,-0.3636355114448544
2024-11-02,0.02225851817968283,Não,,,0.02225851817968283,12.234071035793125,15.066137096986239,23.159823243554158,-0.3494709809074451
2024-11-09,0.1930277975983945,Não,,,0.1930277975983945,14.595586823494582,17.97432035913296,23.159823243554158,-0.22390079707816535
2024-11-16,0.20038327140809598,Sim,VIDT,0.09704711572802194,0.1900496558400886,17.520298259307324,21.390333757345676,23.159823243554158,-0.0764034106651037
2024-11-23,0.1186380887723697,Não,,,0.1186380887723697,19.59887295951342,23.92804207252027,23.92804207252027,0.0
2024-11-30,0.00718002948016383,Sim,UMA,0.21376995481927685,0.027839022014075135,19.739593445140713,24.59417536253088,24.59417536253088,0.0
2024-12-07,0.14944722385090192,Sim,UMA,0.20638363805392013,0.15514086527120377,22.689620885462453,28.409737008905644,28.409737008905644,0.0
2024-12-14,-0.03752836528551273,Sim,UMA,-0.04366812227074235,-0.03814234098403569,21.83811650468302,27.326123132645186,28.409737008905644,-0.03814234098403568
2024-12-21,-0.11327732329905094,Sim,UMA,-0.2725519742143433,-0.12920478839058017,19.3643531211397,23.795457175756827,28.409737008905644,-0.16241895627905223
2024-12-28,0.013502755517117437,Não,,,0.013502755517117437,19.62582524708158,24.11676141641911,28.409737008905644,-0.1511093042199162
2025-01-04,-0.019509067137374214,Sim,AERGO,-0.10199646341463398,-0.02775780676510019,19.24294370470989,23.447333013222124,28.409737008905644,-0.17467264811807115
2025-01-11,-0.014859791223293062,Não,,,-0.014859791223293062,18.95699757873632,23.098910539902615,28.409737008905644,-0.18693684025791002
2025-01-18,0.011391430574952066,Não,,,0.011391430574952066,19.17294490056403,23.362040175674945,28.409737008905644,-0.17767488772065676
2025-01-25,0.0005293297513353501,Não,,,0.0005293297513353501,19.183093710720613,23.374406398591823,28.409737008905644,-0.17723960657345716
2025-02-01,-0.05173274640684644,Não,,,-0.05173274640684644,18.19069958848513,22.165184159962905,28.409737008905644,-0.21980326136018957
2025-02-08,-0.10389114023216195,Sim,TRX,-0.09558617021276605,-0.10306064323022236,16.300847066616694,19.880826023120793,28.409737008905644,-0.30021083909053015
2025-02-15,0.092487982066781,Não,,,0.092487982066781,17.808479517787276,21.71956350381998,28.409737008905644,-0.2354887517258074
2025-02-22,-0.022669267850127572,Sim,MASK,-0.06458694667235487,-0.026861035732350304,17.404774325595046,21.13615353245282,28.409737008905644,-0.25602431568348427
2025-03-01,-0.0945665295152498,Sim,REQ,0.06459969283611366,-0.07864990728011345,15.7588652206274,19.473797016867163,28.409737008905644,-0.3145379342736372
2025-03-08,0.0,Não,,,0.0,15.7588652206274,19.473797016867163,28.409737008905644,-0.3145379342736372
2025-03-15,0.0,Não,,,0.0,15.7588652206274,19.473797016867163,28.409737008905644,-0.3145379342736372
2025-03-22,0.0,Não,,,0.0,15.7588652206274,19.473797016867163,28.409737008905644,-0.3145379342736372
2025-03-29,0.0,Não,,,0.0,15.7588652206274,19.473797016867163,28.409737008905644,-0.3145379342736372
2025-04-05,-0.006775889612990249,Não,,,-0.006775889612990249,15.652084889466437,19.341844717935093,28.409737008905644,-0.3191825495648912
2025-04-12,-0.003050195961564861,Não,,,-0.003050195961564861,15.604342963346516,19.28284830128723,28.409737008905644,-0.32125917620277133
2025-04-19,-0.014738352464536697,Não,,,-0.014738352464536697,15.374360656775202,18.998650886502666,28.409737008905644,-0.33126269769596495
2025-04-26,0.1196567756135749,Sim,IOST,0.0741107863974495,0.11510217669196238,17.21400708008513,21.185436957749804,28.409737008905644,-0.2542895785656596
2025-05-03,-0.02189704778771806,Sim,IOST,-0.0076649369903633024,-0.020473836707982584,16.837071144434386,20.751689780889574,28.409737008905644,-0.2695571319655472
2025-05-10,0.216436871301521,Sim,CITY,0.06115599639314695,0.20090878381068358,20.481234144816884,24.92088653678469,28.409737008905644,-0.12280474370555772
2025-05-17,-0.06136130977101206,Sim,CITY,0.0023921901528014544,-0.054985959778630716,19.224478791964145,23.550587672025227,28.409737008905644,-0.17103816678616957
2025-05-24,0.0406318868489981,Não,,,0.0406318868489981,20.005605638970195,24.507492485542365,28.409737008905644,-0.1373558833768872
2025-05-31,-0.048087113985881946,Não,,,-0.048087113985881946,19.04359380025243,23.328997900881944,28.409737008905644,-0.17883794934219321
2025-06-07,0.016005765321636556,Não,,,0.016005765321636556,19.348401093499845,23.702396366472414,28.409737008905644,-0.16569462226833054
2025-06-14,0.02381289165828182,Não,,,0.02381289165828182,19.809142472500337,24.266818963188875,28.409737008905644,-0.14582739869848438
2025-06-21,-0.0921906864118851,Sim,HEI,-0.07450334615384613,-0.09042195238608121,17.982924030729706,22.072565814337757,28.409737008905644,-0.22306335298286517
2025-06-28,0.07293607561765736,Sim,GNS,0.32264168618267,0.09790663667415861,19.294527937661595,24.233616495988578,28.409737008905644,-0.14699609896451948
2025-07-05,0.026847761309662044,Sim,GNS,-0.10525884433962274,0.013637100744733566,19.81254281831454,24.56409276555361,28.409737008905644,-0.1353635988304479
2025-07-12,0.02572414424146996,Não,,,0.02572414424146996,20.322203527563165,25.19598303101556,28.409737008905644,-0.11312156733033685
2025-07-19,0.02577109527095911,Não,,,0.02577109527095911,20.845928970787817,25.845311110153332,28.409737008905644,-0.09026573874824806
2025-07-26,0.00575923597178174,Não,,,0.00575923597178174,20.965985594781586,25.99416035560082,28.409737008905644,-0.08502636446608469
2025-08-02,-0.04875479548691919,Não,,,-0.04875479548691919,19.943793254926316,24.72682038360932,28.409737008905644,-0.12963571694246367
2025-08-09,0.10157946524153605,Não,,,0.10157946524153605,21.969673108649484,27.238557575299865,28.409737008905644,-0.04122457850414618
2025-08-16,0.03355728439424488,Sim,NOT,-0.1502607893569845,0.01517547701912194,22.70691567720503,27.651915679817858,28.409737008905644,-0.02667470412873696
2025-08-23,0.04565929032189553,Sim,BERA,0.12745605920444047,0.053838967210150024,23.743697332425334,29.140666261401403,29.140666261401403,0.0
2025-08-30,-0.053844004245961696,Sim,BERA,0.08852459016393444,-0.039607144804972086,22.465241592443395,27.986487673072713,29.140666261401403,-0.03960714480497207
2025-09-06,-0.007723144896833012,Sim,BERA,-0.1555892319277108,-0.02250975359992079,22.291739276482595,27.356518731424625,29.140666261401403,-0.06122535133453655
2025-09-13,0.014264053932201648,Não,,,0.014264053932201648,22.609709847764922,27.74673359000695,29.140666261401403,-0.04783461911578879
2025-09-20,-0.004393951589735212,Não,,,-0.004393951589735212,22.510363877235882,27.62481578583918,29.140666261401403,-0.052018387704815816
2025-09-27,-0.015967398021681345,Não,,,-0.015967398021681345,22.15093193759518,27.18371935691106,29.140666261401403,-0.06715518742556825
2025-10-04,0.08176334942316865,Não,,,0.08176334942316865,23.9620663256576,29.40635130131153,29.40635130131153,0.0
2025-10-11,-0.13620338792113762,Sim,PUNDIX,-0.2794053678022309,-0.15052358590924694,20.69835171051203,24.980001854931068,29.40635130131153,-0.15052358590924697
2025-10-18,-0.021511482324793385,Não,,,-0.021511482324793385,20.253099483538993,24.44264498655541,29.40635130131153,-0.16879708277628913
2025-10-25,0.01704103532063317,Não,,,0.01704103532063317,20.598233267190277,24.859172963101,29.40635130131153,-0.15463252450526654
2025-11-01,-0.033820942301282186,Sim,NIL,-0.28477116912456846,-0.05891596498361082,19.901581608352284,23.394570799285415,29.40635130131153,-0.20443816508979773
2025-11-08,0.0,Não,,,0.0,19.901581608352284,23.394570799285415,29.40635130131153,-0.20443816508979773
2025-11-15,0.0,Não,,,0.0,19.901581608352284,23.394570799285415,29.40635130131153,-0.20443816508979773
2025-11-22,0.0,Não,,,0.0,19.901581608352284,23.394570799285415,29.40635130131153,-0.20443816508979773
2025-11-29,0.0,Não,,,0.0,19.901581608352284,23.394570799285415,29.40635130131153,-0.20443816508979773
2025-12-06,0.0,Não,,,0.0,19.901581608352284,23.394570799285415,29.40635130131153,-0.20443816508979773
2025-12-13,0.0,Não,,,0.0,19.901581608352284,23.394570799285415,29.40635130131153,-0.20443816508979773
2025-12-20,0.0,Não,,,0.0,19.901581608352284,23.394570799285415,29.40635130131153,-0.20443816508979773
2025-12-27,0.0,Não,,,0.0,19.901581608352284,23.394570799285415,29.40635130131153,-0.20443816508979773
2026-01-03,0.0,Não,,,0.0,19.901581608352284,23.394570799285415,29.40635130131153,-0.20443816508979773
2026-01-10,0.0,Não,,,0.0,19.901581608352284,23.394570799285415,29.40635130131153,-0.20443816508979773
2026-01-17,0.0,Não,,,0.0,19.901581608352284,23.394570799285415,29.40635130131153,-0.20443816508979773
2026-01-24,0.0,Não,,,0.0,19.901581608352284,23.394570799285415,29.40635130131153,-0.20443816508979773
2026-01-31,0.0,Não,,,0.0,19.901581608352284,23.394570799285415,29.40635130131153,-0.20443816508979773
2026-02-07,0.0,Não,,,0.0,19.901581608352284,23.394570799285415,29.40635130131153,-0.20443816508979773
2026-02-14,0.0,Não,,,0.0,19.901581608352284,23.394570799285415,29.40635130131153,-0.20443816508979773
2026-02-21,0.0,Não,,,0.0,19.901581608352284,23.394570799285415,29.40635130131153,-0.20443816508979773
2026-02-28,0.0,Não,,,0.0,19.901581608352284,23.394570799285415,29.40635130131153,-0.20443816508979773
2026-03-07,0.0,Não,,,0.0,19.901581608352284,23.394570799285415,29.40635130131153,-0.20443816508979773
2026-03-14,0.0,Não,,,0.0,19.901581608352284,23.394570799285415,29.40635130131153,-0.20443816508979773
2026-03-21,0.0,Não,,,0.0,19.901581608352284,23.394570799285415,29.40635130131153,-0.20443816508979773
2026-03-28,0.0,Não,,,0.0,19.901581608352284,23.394570799285415,29.40635130131153,-0.20443816508979773
2026-04-04,-0.01364587030065223,Não,,,-0.01364587030065223,19.630007206946864,23.07533152041894,29.40635130131153,-0.2152942987051314
2026-04-11,0.1349268373033239,Sim,0G,0.03325142857142849,0.12475929643013435,22.27862199562166,25.954193645798505,29.40635130131153,-0.11739496750686851
2026-04-18,-0.013432024469882897,Sim,0G,0.13812154696132595,0.001723332673237989,21.979374999821196,25.998921355715854,29.40635130131153,-0.11587394541680884
2026-04-25,0.028935144070199037,Sim,0G,-0.0818252427184466,0.017859105391334472,22.615351382013955,26.463238832268598,29.40635130131153,-0.10008424502878299
2026-05-02,0.020231561712815704,Sim,ONDO,0.02149656488549634,0.02035806203008377,23.072895259156184,27.001979089932846,29.40635130131153,-0.08176370426722912
2026-05-09,0.13173322568346424,Sim,ONDO,0.6860768943635682,0.18716759255147464,26.112362177501538,32.055874510320834,32.055874510320834,0.0
2026-05-16,-0.05341900870552818,Sim,ONDO,-0.19650940889971225,-0.06772804872494659,24.717465675019678,29.884792679565052,32.055874510320834,-0.06772804872494653
2026-05-23,0.046543248205212384,Sim,CHZ,-0.11831562225636527,0.03005736115905462,25.867896814935936,30.78305068629821,32.055874510320834,-0.03970641398701569
2026-05-30,-0.07557252482039634,Sim,HUMA,0.08846268656716427,-0.05916900368164028,23.912994540837737,28.961648246908513,32.055874510320834,-0.09652602871327354
2026-06-06,-0.019539913873685255,Sim,HUMA,-0.16482818003913902,-0.034068740490230634,23.445736687047862,27.974961368615244,32.055874510320834,-0.12730624898071907
2026-06-13,0.010829235784798996,Não,,,0.010829235784798996,23.699636097780214,28.27790882134662,32.055874510320834,-0.11785564258301062
2026-06-20,0.00284926732494184,Não,,,0.00284926732494184,23.767162696526633,28.35848014296897,32.055874510320834,-0.11534217748954056
2026-06-27,-0.01449631699053755,Não,,,-0.01449631699053755,23.422626372112102,27.947386625446626,32.055874510320834,-0.12816645771281088
2026-07-04,-0.0022529653051011067,Não,,,-0.0022529653051011067,23.369856007541387,27.88442213301125,32.055874510320834,-0.13013066843540733
2026-07-11,0.0,Não,,,0.0,23.369856007541387,27.88442213301125,32.055874510320834,-0.13013066843540733
2026-07-18,0.0,Não,,,0.0,23.369856007541387,27.88442213301125,32.055874510320834,-0.13013066843540733
2026-07-25,0.0,Não,,,0.0,23.369856007541387,27.88442213301125,32.055874510320834,-0.13013066843540733
2026-08-01,-0.02174328695642258,Não,,,-0.02174328695642258,22.861718522239137,27.278123140959163,32.055874510320834,-0.14904448692620775
2026-08-08,0.02603546535802148,Sim,FORM,0.003279390766301571,0.02375985789884949,23.45693400284973,27.926247470535667,32.055874510320834,-0.12882590485733203
2026-08-15,-0.014063462125106563,Sim,FORM,-0.02704028436018957,-0.015361144348614865,23.12704829992953,27.49726835202563,32.055874510320834,-0.14220813588559245
2026-08-22,0.23647454542884905,Sim,WLD,0.17197689382860482,0.23002478026882464,28.596006533766403,33.82232146269323,33.82232146269323,0.0
2026-08-29,0.015980566612943115,Sim,WLD,-0.053801795063575186,0.009002330445291284,29.052986921043413,34.126801176927266,34.126801176927266,0.0
2026-08-31,0.019155940905283497,Não,,,0.019155940905283497,29.609524221624895,34.780532163558846,34.780532163558846,0.0
